{
  "parent": "item/handheld",
  "textures": {
    "layer0": "item/diamond_pickaxe"
  },
  "overrides": [
    { "predicate": { "custom_model_data": 110 }, "model": "item/pickaxe_plasma" },
    { "predicate": { "custom_model_data": 111 }, "model": "item/pickaxe_corrupted" },
    { "predicate": { "custom_model_data": 112 }, "model": "item/pickaxe_celestial" },
    { "predicate": { "custom_model_data": 113 }, "model": "item/pickaxe_storm" },
    { "predicate": { "custom_model_data": 114 }, "model": "item/pickaxe_infernal" },
    { "predicate": { "custom_model_data": 115 }, "model": "item/pickaxe_galactic" }
  ]
}
